,,Jan,Feb,Mar,Apr,May,Jun,Jul,Aug,Sep,Oct,Nov,Dec,Year
Austin,Record high (°C),32.0,37.0,37.0,37.0,40.0,43.0,43.0,44.0,44.0,38.0,33.0,32.0,44.0
Austin,Mean maximum (°C),26.3,28.5,30.3,33.2,35.2,36.7,38.3,39.4,37.3,34.1,29.3,26.5,39.9
Austin,Average high (°C),16.4,18.4,22.3,26.6,30.3,33.4,35.3,36.1,32.5,27.7,21.9,17.1,26.5
Austin,Average low (°C),5.3,7.1,10.7,14.8,19.3,22.4,23.6,23.7,20.8,15.9,10.3,5.7,14.9
Austin,Mean minimum (°C),-2.9,-1.9,1.5,6.1,12.3,17.9,21.1,20.6,13.8,7.1,1.4,-2.9,-5.6
Austin,Record low (°C),-19.0,-18.0,-8.0,-1.0,4.0,11.0,14.0,14.0,5.0,-1.0,-7.0,-16.0,-19.0
Austin,Average precipitation (mm),56.4,51.3,70.1,53.1,112.8,110.0,47.8,59.7,75.9,98.6,75.2,61.0,871.7
Austin,Average snowfall (cm),1.0,0.5,0.0,0.0,0.0,0.0,0.0,0.0,0.0,0.0,0.0,0.0,1.5
Austin,Average precipitation days (>= 0.01 in),7.4,7.4,9.2,7.1,8.9,7.7,5.4,4.9,6.7,7.5,7.5,7.8,87.5
Austin,Average snowy days (>= 0.1 in),0.3,0.2,0.0,0.0,0.0,0.0,0.0,0.0,0.0,0.0,0.0,0.0,0.5
Austin,Average relative humidity (%),67.2,66.0,64.2,66.4,71.4,69.5,65.1,63.8,68.4,67.1,68.7,67.6,67.1
Austin,Mean monthly sunshine hours,163.8,169.3,205.9,205.8,227.1,285.5,317.2,297.9,233.8,215.6,168.3,153.5,2643.7
Austin,Percent possible sunshine,51.0,54.0,55.0,53.0,54.0,68.0,74.0,73.0,63.0,61.0,53.0,48.0,60.0
Boston,Record high (°C),22.0,23.0,32.0,34.0,36.0,38.0,40.0,39.0,39.0,32.0,28.0,24.0,40.0
Boston,Mean maximum (°C),13.6,14.3,19.8,27.1,30.7,33.4,34.9,34.1,31.1,26.2,21.4,16.3,35.7
Boston,Average high (°C),2.1,3.7,7.4,13.1,18.9,24.4,27.4,26.4,22.4,16.3,10.8,5.1,14.9
Boston,Daily mean (°C),-1.7,-0.2,3.5,8.9,14.4,19.8,23.0,22.3,18.3,12.2,7.1,1.5,10.8
Boston,Average low (°C),-5.4,-4.1,-0.5,4.8,9.9,15.3,18.6,18.1,14.1,8.1,3.3,-2.1,6.7
Boston,Mean minimum (°C),-15.5,-13.1,-9.6,-0.7,4.9,9.8,14.1,13.0,7.7,1.6,-4.3,-11.6,-16.5
Boston,Record low (°C),-25.0,-28.0,-22.0,-12.0,-1.0,5.0,10.0,8.0,1.0,-4.0,-19.0,-27.0,-28.0
Boston,Average precipitation (mm),85.3,82.6,109.7,95.0,88.6,93.5,87.1,85.1,87.4,100.1,101.3,96.0,1111.8
Boston,Average snowfall (cm),32.8,27.7,19.8,4.8,0.0,0.0,0.0,0.0,0.0,0.0,3.3,22.9,111.3
Boston,Average precipitation days (>= 0.01 in),11.3,9.8,11.6,11.2,12.0,10.9,9.6,9.4,8.6,9.4,10.6,11.6,126.0
Boston,Average snowy days (>= 0.1 in),6.7,5.3,4.2,0.7,0.0,0.0,0.0,0.0,0.0,0.1,0.8,4.6,22.4
Boston,Average relative humidity (%),62.3,62.0,63.1,63.0,66.7,68.5,68.4,70.8,71.8,68.5,67.5,65.4,66.5
Boston,Mean monthly sunshine hours,163.4,168.4,213.7,227.2,267.3,286.5,300.9,277.3,237.1,206.3,143.2,142.3,2633.6
Boston,Percent possible sunshine,56.0,57.0,58.0,57.0,59.0,63.0,65.0,64.0,63.0,60.0,49.0,50.0,59.0
Cape_Town,Record high (°C),39.3,38.3,43.0,38.6,33.5,29.8,29.0,32.0,33.1,37.2,39.9,41.4,43.0
Cape_Town,Mean maximum (°C),33.6,34.1,33.2,31.7,29.1,26.3,25.1,26.9,28.3,31.0,31.6,32.5,36.5
Cape_Town,Average high (°C),26.1,26.5,25.4,23.0,20.3,18.1,17.5,17.8,19.2,21.3,23.5,24.9,22.0
Cape_Town,Daily mean (°C),20.4,20.4,19.2,16.9,14.4,12.5,11.9,12.4,13.7,15.6,17.9,19.5,16.2
Cape_Town,Average low (°C),15.7,15.6,14.2,11.9,9.4,7.8,7.0,7.5,8.7,10.6,13.2,14.9,11.4
Cape_Town,Mean minimum (°C),10.3,9.9,7.6,5.7,2.8,1.3,1.0,1.3,2.3,4.4,7.0,9.5,0.3
Cape_Town,Record low (°C),7.4,6.4,4.6,2.4,0.9,-1.2,-4.3,-0.4,0.2,1.0,3.9,6.2,-4.3
Cape_Town,Average precipitation (mm),15.0,17.0,20.0,41.0,69.0,93.0,82.0,77.0,40.0,30.0,14.0,17.0,515.0
Cape_Town,Average precipitation days (>= 0.1 mm),5.5,4.6,4.8,8.3,11.4,13.3,11.8,13.7,10.4,8.7,4.9,6.3,103.7
Cape_Town,Average relative humidity (%),71.0,72.0,74.0,78.0,81.0,81.0,81.0,80.0,77.0,74.0,71.0,71.0,76.0
Cape_Town,Mean monthly sunshine hours,337.9,297.4,292.9,233.5,205.3,175.4,193.1,212.1,224.7,277.7,309.8,334.2,3094.0
Chengdu,Record high (°C),18.9,24.0,31.8,32.5,35.2,37.5,37.3,36.6,36.2,30.1,26.2,18.4,37.5
Chengdu,Average high (°C),9.4,11.8,16.3,21.9,26.6,28.1,29.8,29.6,25.8,20.9,16.3,10.7,20.6
Chengdu,Daily mean (°C),5.6,7.9,11.5,16.6,21.3,23.8,25.4,24.9,21.6,17.2,12.4,7.1,16.3
Chengdu,Average low (°C),2.9,5.1,8.1,12.7,17.3,20.6,22.2,21.7,18.9,14.8,9.8,4.5,13.2
Chengdu,Record low (°C),-4.6,-2.6,-1.8,4.0,6.3,14.2,16.6,16.0,12.2,3.1,0.2,-4.1,-4.6
Chengdu,Average precipitation (mm),8.9,12.9,22.4,47.6,76.9,114.3,208.1,197.2,111.0,35.5,14.8,6.1,855.7
Chengdu,Average precipitation days (>= 0.1 mm),7.0,8.5,10.9,13.0,14.7,15.2,17.6,15.8,15.6,13.1,7.7,5.2,144.3
Chengdu,Average relative humidity (%),85.0,83.0,81.0,80.0,77.0,82.0,86.0,86.0,85.0,85.0,84.0,85.0,83.0
Chengdu,Mean monthly sunshine hours,53.3,51.4,83.1,113.9,121.7,117.2,131.9,155.0,77.6,59.4,57.2,51.6,1073.3
Chengdu,Percent possible sunshine,17.0,17.0,23.0,30.0,29.0,28.0,31.0,38.0,21.0,17.0,18.0,16.0,24.0
Chicago,Record high (°C),19.0,24.0,31.0,33.0,37.0,40.0,41.0,39.0,38.0,34.0,27.0,22.0,41.0
Chicago,Mean maximum (°C),10.8,13.6,22.4,27.6,30.7,34.2,35.3,34.1,32.1,27.3,19.8,12.8,36.0
Chicago,Average high (°C),-0.6,1.8,8.1,15.0,21.1,26.5,28.9,27.7,23.8,16.8,9.0,1.6,15.1
Chicago,Daily mean (°C),-4.6,-2.4,3.3,9.4,15.1,20.5,23.3,22.4,18.1,11.4,4.6,-2.4,9.9
Chicago,Average low (°C),-8.6,-6.6,-1.6,3.8,9.1,14.5,17.7,17.2,12.4,6.0,0.2,-6.3,4.9
Chicago,Mean minimum (°C),-20.9,-17.9,-11.2,-4.7,2.0,6.8,11.1,11.4,4.0,-2.0,-8.4,-17.8,-23.8
Chicago,Record low (°C),-33.0,-29.0,-24.0,-14.0,-3.0,2.0,7.0,6.0,-2.0,-10.0,-19.0,-32.0,-33.0
Chicago,Average precipitation (mm),43.9,45.5,63.5,85.9,93.5,87.6,94.0,124.5,81.5,80.0,80.0,57.2,937.0
Chicago,Average snowfall (cm),27.4,23.1,14.2,3.0,0.0,0.0,0.0,0.0,0.0,0.5,3.0,20.8,92.2
Chicago,Average precipitation days (>= 0.01 in),10.5,8.8,11.1,12.0,11.6,10.2,9.8,9.8,8.3,10.2,10.8,11.0,124.1
Chicago,Average snowy days (>= 0.1 in),8.2,5.9,4.2,0.9,0.0,0.0,0.0,0.0,0.0,0.2,1.7,6.9,28.0
Chicago,Average relative humidity (%),72.2,71.6,69.7,64.9,64.1,65.6,68.5,70.7,71.1,68.6,72.5,75.5,69.6
Chicago,Mean monthly sunshine hours,135.8,136.2,187.0,215.3,281.9,311.4,318.4,283.0,226.6,193.2,113.3,106.3,2508.4
Chicago,Percent possible sunshine,46.0,46.0,51.0,54.0,62.0,68.0,69.0,66.0,60.0,56.0,38.0,37.0,56.0
Chongqing,Record high (°C),18.8,24.6,34.0,36.5,38.9,39.8,42.0,43.0,41.9,35.1,29.2,21.5,43.0
Chongqing,Average high (°C),10.3,12.9,17.7,23.0,27.2,29.4,33.0,33.2,28.3,21.7,17.1,11.5,22.1
Chongqing,Daily mean (°C),7.9,10.0,13.8,18.5,22.6,25.1,28.3,28.3,24.1,18.6,14.2,9.3,18.4
Chongqing,Average low (°C),6.2,8.0,11.2,15.4,19.3,22.1,24.8,24.7,21.2,16.5,12.2,7.7,15.8
Chongqing,Record low (°C),-1.8,-0.8,1.2,2.8,10.8,15.5,19.2,17.8,14.3,6.9,0.7,-1.7,-1.8
Chongqing,Average precipitation (mm),19.7,23.4,43.0,96.5,146.7,193.8,186.0,135.1,105.6,85.7,48.2,24.3,1108.0
Chongqing,Average precipitation days (>= 0.1 mm),10.0,9.8,11.9,14.3,15.5,15.7,12.5,11.3,12.7,16.1,11.5,9.8,151.1
Chongqing,Average relative humidity (%),84.0,80.0,77.0,77.0,77.0,81.0,76.0,74.0,79.0,85.0,84.0,85.0,80.0
Chongqing,Mean monthly sunshine hours,20.6,29.7,64.9,93.6,109.4,97.7,158.6,167.0,106.6,50.4,35.9,20.4,954.8
Chongqing,Percent possible sunshine,8.0,11.0,18.0,25.0,26.0,26.0,42.0,48.0,28.0,18.0,13.0,8.0,24.0
Dallas,Record high (°C),31.0,35.0,36.0,38.0,39.0,44.0,44.0,44.0,43.0,38.0,33.0,32.0,44.0
Dallas,Mean maximum (°C),24.7,26.8,29.8,31.9,35.1,36.8,39.4,39.9,37.1,33.5,28.3,24.9,40.6
Dallas,Average high (°C),13.8,16.0,20.4,24.8,29.0,33.1,35.6,35.8,31.5,25.8,19.5,14.2,25.0
Dallas,Average low (°C),2.9,5.1,9.2,13.4,18.6,22.7,24.8,24.9,20.6,14.6,8.7,3.6,14.1
Dallas,Mean minimum (°C),-5.7,-4.3,-0.8,4.6,11.2,17.2,20.9,20.3,12.1,5.7,-0.4,-5.1,-8.5
Dallas,Record low (°C),-19.0,-17.0,-12.0,-1.0,4.0,12.0,13.0,14.0,2.0,-3.0,-8.0,-17.0,-19.0
Dallas,Average precipitation (mm),52.3,65.8,88.6,78.0,125.0,104.4,56.1,47.5,72.1,121.7,73.2,69.6,954.3
Dallas,Average snowfall (cm),1.3,1.5,0.3,0.0,0.0,0.0,0.0,0.0,0.0,0.0,0.0,0.8,3.8
Dallas,Average precipitation days (>= 0.01 in),6.7,6.5,7.6,6.7,9.7,8.0,4.9,4.6,5.3,7.5,6.6,6.6,80.7
Dallas,Average snowy days (>= 0.1 in),0.5,0.2,0.2,0.0,0.0,0.0,0.0,0.0,0.0,0.0,0.1,0.3,1.3
Dallas,Average relative humidity (%),67.5,66.4,63.7,65.3,69.7,65.8,59.8,59.5,66.5,65.7,67.4,67.5,65.4
Dallas,Mean monthly sunshine hours,183.5,178.3,227.7,236.0,258.4,297.8,332.4,304.5,246.2,228.1,183.8,173.0,2849.7
Dallas,Percent possible sunshine,58.0,58.0,61.0,61.0,60.0,69.0,76.0,74.0,66.0,65.0,59.0,56.0,64.0
Detroit,Record high (°C),19.0,21.0,30.0,32.0,35.0,40.0,41.0,40.0,38.0,33.0,27.0,21.0,41.0
Detroit,Mean maximum (°C),10.7,12.6,21.3,26.7,29.9,33.4,34.1,33.3,31.3,26.5,19.6,12.4,35.1
Detroit,Average high (°C),0.0,1.8,7.7,15.1,21.1,26.3,28.6,27.4,23.3,16.4,9.3,2.3,15.0
Detroit,Daily mean (°C),-3.6,-2.2,2.9,9.6,15.4,20.8,23.1,22.2,18.0,11.3,5.3,-1.1,10.2
Detroit,Average low (°C),-7.2,-6.1,-1.9,4.1,9.7,15.3,17.7,17.0,12.6,6.3,1.3,-4.4,5.4
Detroit,Mean minimum (°C),-18.4,-16.2,-11.7,-4.2,2.1,7.7,11.2,10.7,4.3,-1.3,-6.8,-14.8,-20.6
Detroit,Record low (°C),-29.0,-29.0,-20.0,-13.0,-4.0,2.0,6.0,3.0,-2.0,-8.0,-18.0,-24.0,-29.0
Detroit,Average precipitation (mm),49.8,51.3,57.9,73.7,85.9,89.4,85.6,76.2,83.1,64.0,70.9,62.5,850.1
Detroit,Average snowfall (cm),31.8,25.9,17.5,4.3,0.0,0.0,0.0,0.0,0.0,0.3,3.8,24.4,108.0
Detroit,Average precipitation days (>= 0.01 in),13.1,10.6,11.7,12.2,12.1,10.2,10.4,9.6,9.5,9.8,11.6,13.7,134.5
Detroit,Average snowy days (>= 0.1 in),10.4,8.3,5.4,1.6,0.0,0.0,0.0,0.0,0.0,0.2,2.3,8.5,36.7
Detroit,Average relative humidity (%),74.7,72.5,70.0,66.0,65.3,67.3,68.5,71.5,73.4,71.6,74.6,76.7,71.0
Detroit,Mean monthly sunshine hours,119.9,138.3,184.9,217.0,275.9,301.8,317.0,283.5,227.6,176.0,106.3,87.7,2435.9
Detroit,Percent possible sunshine,41.0,47.0,50.0,54.0,61.0,66.0,69.0,66.0,61.0,51.0,36.0,31.0,55.0
Frankfurt,Record high (°C),15.9,17.8,24.7,30.3,33.2,37.5,38.8,38.7,32.8,28.0,19.1,16.3,38.8
Frankfurt,Average high (°C),4.2,5.9,10.7,15.4,20.0,23.1,25.5,25.1,20.3,14.6,8.4,4.9,14.8
Frankfurt,Daily mean (°C),1.6,2.4,6.4,10.3,14.7,17.8,20.0,19.5,15.2,10.4,5.6,2.5,10.6
Frankfurt,Average low (°C),-1.1,-1.1,2.1,4.9,9.1,12.3,14.4,14.0,10.5,6.6,2.8,-0.1,6.2
Frankfurt,Record low (°C),-21.6,-19.6,-13.0,-7.1,-2.8,0.1,2.8,2.5,-0.3,-6.3,-11.5,-17.0,-21.6
Frankfurt,Average precipitation (mm),44.5,40.9,48.4,42.1,63.4,58.1,64.7,56.5,53.0,54.7,49.1,53.9,629.18
Frankfurt,Average rainy days,16.0,13.0,14.0,14.0,15.0,15.0,14.0,14.0,12.0,12.0,14.0,16.0,169.0
Frankfurt,Mean monthly sunshine hours,50.0,80.0,121.0,178.0,211.0,219.0,233.0,219.0,156.0,103.0,51.0,41.0,1662.0
Frankfurt,Percent possible sunshine,18.0,29.0,33.0,42.0,45.0,46.0,47.0,51.0,40.0,30.0,19.0,16.0,35.0
"Gold_Coast,_Queensland",Record high (°C),38.5,40.5,36.3,33.3,29.4,27.1,28.9,32.4,33.0,36.8,35.5,39.4,40.5
"Gold_Coast,_Queensland",Average high (°C),28.7,28.6,27.9,25.9,23.6,21.3,21.1,22.0,23.9,25.4,26.8,27.8,25.2
"Gold_Coast,_Queensland",Average low (°C),21.8,21.8,20.8,18.3,15.4,13.2,12.0,12.5,14.8,16.8,19.0,20.5,17.2
"Gold_Coast,_Queensland",Record low (°C),17.2,17.2,13.4,8.9,6.6,3.8,2.5,4.2,7.9,9.4,8.2,14.7,2.5
"Gold_Coast,_Queensland",Average precipitation (mm),135.8,165.8,121.3,128.8,106.2,119.9,47.1,61.7,43.9,86.1,113.5,132.7,1273.5
"Gold_Coast,_Queensland",Average precipitation days,14.2,14.6,15.1,12.0,11.6,10.9,8.3,7.2,8.8,9.5,12.0,12.7,139.6
"Gold_Coast,_Queensland",Average afternoon relative humidity (%),70.0,70.0,68.0,65.0,62.0,58.0,55.0,56.0,62.0,66.0,68.0,69.0,64.0
Hong_Kong,Record high (°C),26.9,28.3,30.1,33.4,35.5,35.6,35.7,36.6,35.2,34.3,31.8,28.7,36.6
Hong_Kong,Mean maximum (°C),23.7,24.5,27.1,29.8,31.8,33.1,33.8,33.8,33.8,30.8,28.0,25.1,34.3
Hong_Kong,Average high (°C),18.6,18.9,21.4,25.0,28.4,30.2,31.4,31.1,30.1,27.8,24.1,20.2,25.6
Hong_Kong,Daily mean (°C),16.3,16.8,19.1,22.6,25.9,27.9,28.8,28.6,27.7,25.5,21.8,17.9,23.2
Hong_Kong,Average low (°C),14.5,15.0,17.2,20.8,24.1,26.2,26.8,26.6,25.8,23.7,19.8,15.9,21.4
Hong_Kong,Mean minimum (°C),9.1,9.9,11.5,15.9,20.5,23.2,23.9,24.2,23.2,19.6,14.4,10.0,7.7
Hong_Kong,Record low (°C),0.0,2.4,4.8,9.9,15.4,19.2,21.7,21.6,18.4,13.5,6.5,4.3,0.0
Hong_Kong,Average rainfall (mm),24.7,54.4,82.2,174.7,304.7,456.1,376.5,432.2,327.6,100.9,37.6,26.8,2398.4
Hong_Kong,Average rainy days (>= 0.1 mm),5.37,9.07,10.9,12.0,14.67,19.07,17.6,16.93,14.67,7.43,5.47,4.47,137.65
Hong_Kong,Average relative humidity (%),74.0,80.0,82.0,83.0,83.0,82.0,81.0,81.0,78.0,73.0,71.0,69.0,78.0
Hong_Kong,Mean monthly sunshine hours,143.0,94.2,90.8,101.7,140.4,146.1,212.0,188.9,172.3,193.9,180.1,172.2,1835.6
Hong_Kong,Percent possible sunshine,42.0,29.0,24.0,27.0,34.0,36.0,51.0,47.0,47.0,54.0,54.0,51.0,42.0
Houston,Record high (°C),29.0,33.0,36.0,35.0,37.0,42.0,41.0,43.0,43.0,37.0,32.0,29.0,43.0
Houston,Mean maximum (°C),25.8,27.1,29.3,31.6,34.2,36.1,36.9,38.0,36.1,33.2,29.4,26.7,38.3
Houston,Average high (°C),17.2,19.1,22.8,26.4,30.2,33.0,34.3,34.7,32.1,27.8,22.5,17.9,26.5
Houston,Daily mean (°C),11.7,13.6,17.1,20.8,24.9,28.0,29.1,29.2,26.6,21.9,16.8,12.4,21.1
Houston,Average low (°C),6.2,8.1,11.4,15.2,19.8,23.1,23.9,23.8,21.0,16.1,11.2,7.0,15.6
Houston,Mean minimum (°C),-2.9,-1.4,1.1,5.6,11.8,18.4,20.8,20.3,13.2,6.3,1.4,-2.5,-4.7
Houston,Record low (°C),-15.0,-14.0,-6.0,-1.0,6.0,11.0,17.0,12.0,7.0,-2.0,-7.0,-14.0,-15.0
Houston,Average precipitation (mm),85.9,81.3,86.6,84.1,129.3,150.6,96.3,95.5,104.6,144.8,110.2,95.0,1264.2
Houston,Average precipitation days (>= 0.01 in),9.6,9.2,8.8,6.8,8.0,10.6,9.1,8.3,8.0,7.9,8.2,9.5,104.0
Houston,Average relative humidity (%),74.7,73.4,72.7,73.1,75.0,74.6,74.4,75.1,76.8,75.4,76.0,75.5,74.7
Houston,Mean monthly sunshine hours,143.4,155.0,192.5,209.8,249.2,281.3,293.9,270.5,236.5,228.8,168.3,148.7,2577.9
Houston,Percent possible sunshine,44.0,50.0,52.0,54.0,59.0,67.0,68.0,66.0,64.0,64.0,53.0,47.0,58.0
"Joshua_Tree,_California",Record high (°C),26.0,30.0,32.0,37.0,39.0,45.0,46.0,43.0,41.0,39.0,30.0,26.0,46.0
"Joshua_Tree,_California",Average high (°C),16.8,16.4,21.0,24.7,30.0,34.4,38.4,38.0,35.4,27.3,20.6,14.6,26.4
"Joshua_Tree,_California",Average low (°C),3.3,3.1,5.0,7.8,11.9,15.6,21.6,21.2,18.8,11.9,6.1,2.1,10.7
"Joshua_Tree,_California",Record low (°C),-8.0,-8.0,-2.0,0.0,2.0,4.0,13.0,11.0,8.0,3.0,-3.0,-8.0,-8.0
"Joshua_Tree,_California",Average precipitation (mm),15.7,12.2,9.9,3.3,4.3,0.3,8.4,12.7,8.4,8.4,15.5,20.1,119.1
"Joshua_Tree,_California",Average snowfall (cm),1.3,0.0,0.0,0.0,0.0,0.0,0.0,0.0,0.0,0.0,0.0,4.1,5.3
Kobe,Average high (°C),8.4,8.8,12.3,18.5,22.9,26.0,29.8,31.6,27.6,22.0,16.6,11.3,19.7
Kobe,Daily mean (°C),4.7,5.0,8.0,14.0,18.4,22.0,25.9,27.3,23.6,17.7,12.5,7.5,15.6
Kobe,Average low (°C),1.4,1.5,4.0,9.8,14.4,18.8,23.1,24.3,20.4,14.1,8.8,4.1,12.1
Kobe,Average rainfall (mm),43.4,54.4,92.6,136.4,144.2,218.0,156.8,91.7,170.8,103.1,66.2,38.0,1315.6
Kobe,Average snowfall (cm),1.0,1.0,1.0,0.0,0.0,0.0,0.0,0.0,0.0,0.0,0.0,0.0,3.0
Kobe,Average relative humidity (%),61.0,63.0,62.0,64.0,67.0,74.0,77.0,73.0,71.0,67.0,66.0,63.0,67.0
Kobe,Mean monthly sunshine hours,144.7,127.9,161.1,170.1,195.9,146.7,174.5,201.6,145.8,159.3,143.1,146.9,1917.6
Kyoto,Record high (°C),19.9,22.9,25.7,30.7,33.8,36.8,38.2,39.8,38.1,32.2,26.9,22.8,39.8
Kyoto,Average high (°C),8.9,9.7,13.4,19.9,24.6,27.8,31.5,33.3,28.8,22.9,17.0,11.6,20.8
Kyoto,Daily mean (°C),4.6,5.1,8.4,14.2,19.0,23.0,26.8,28.2,24.1,17.8,12.1,7.0,15.9
Kyoto,Average low (°C),1.2,1.4,4.0,9.0,14.0,18.8,23.2,24.3,20.3,13.6,7.8,3.2,11.7
Kyoto,Record low (°C),-11.9,-11.6,-8.2,-4.4,-0.3,4.9,10.6,12.8,7.1,0.2,-4.4,-9.4,-11.9
Kyoto,Average precipitation (mm),50.3,68.3,113.3,115.7,160.8,214.0,220.4,132.1,176.2,120.9,71.3,48.0,1491.3
Kyoto,Average snowfall (cm),5.0,8.0,2.0,0.0,0.0,0.0,0.0,0.0,0.0,0.0,0.0,3.0,18.0
Kyoto,Average precipitation days (>= 0.5 mm),7.8,9.2,11.9,10.6,11.4,12.9,12.9,8.7,11.0,8.8,7.6,8.1,120.9
Kyoto,Average snowy days,3.1,3.9,1.0,0.0,0.0,0.0,0.0,0.0,0.0,0.0,0.0,1.2,9.2
Kyoto,Average relative humidity (%),66.0,66.0,62.0,59.0,62.0,67.0,70.0,66.0,68.0,68.0,68.0,68.0,66.0
Kyoto,Mean monthly sunshine hours,123.2,117.4,146.8,175.4,180.9,138.3,142.3,182.7,136.8,157.4,138.1,135.8,1775.1
Lisbon,Record high (°C),24.1,26.8,30.4,33.2,37.8,40.8,40.6,42.0,41.4,34.6,28.3,25.2,42.0
Lisbon,Average high (°C),14.8,16.2,18.8,19.8,22.1,25.7,27.9,28.3,26.5,22.5,18.2,15.3,21.3
Lisbon,Daily mean (°C),11.6,12.7,14.9,15.9,18.0,21.2,23.1,23.5,22.1,18.8,15.0,12.4,17.4
Lisbon,Average low (°C),8.3,9.1,11.0,11.9,13.9,16.6,18.2,18.6,17.6,15.1,11.8,9.4,13.5
Lisbon,Record low (°C),-1.0,-1.2,0.2,5.5,6.8,10.4,14.1,14.7,12.1,9.2,4.3,2.1,-1.2
Lisbon,Average rainfall (mm),99.9,84.9,53.2,68.1,53.6,15.9,4.2,6.2,32.9,100.8,127.6,126.7,774.0
Lisbon,Mean monthly sunshine hours,142.6,156.6,207.7,234.0,291.4,303.0,353.4,344.1,261.0,213.9,156.0,142.6,2806.3
London,Record high (°C),17.2,19.8,24.2,29.4,32.8,35.6,36.7,38.1,35.4,29.9,20.8,17.4,38.1
London,Mean maximum (°C),13.1,14.1,17.2,21.3,25.8,28.5,30.1,29.7,25.5,20.5,16.2,13.5,31.5
London,Average high (°C),8.1,8.4,11.3,14.2,17.9,21.0,23.5,23.2,19.9,15.5,11.1,8.3,15.2
London,Daily mean (°C),5.2,5.3,7.6,9.9,13.3,16.4,18.7,18.5,15.7,12.0,8.0,5.5,11.3
London,Average low (°C),2.3,2.1,3.9,5.5,8.7,11.7,13.9,13.7,11.4,8.4,4.9,2.7,7.4
London,Mean minimum (°C),-4.2,-3.9,-2.0,-0.3,3.1,6.7,9.5,9.1,6.0,2.0,-1.7,-4.1,-6.1
London,Record low (°C),-13.2,-9.6,-5.1,-2.6,-0.9,1.5,5.6,5.9,1.8,-3.3,-7.0,-11.8,-13.2
London,Average precipitation (mm),55.2,40.9,41.6,43.7,49.4,45.1,44.5,49.5,49.1,68.5,59.0,55.2,601.7
London,Average precipitation days (>= 1.0 mm),11.1,8.5,9.3,9.1,8.8,8.2,7.7,7.5,8.1,10.8,10.3,10.2,109.6
London,Mean monthly sunshine hours,61.5,77.9,114.6,168.7,198.5,204.3,212.0,204.7,149.3,116.5,72.6,52.0,1632.6
Los_Angeles,Record high (°C),35.0,35.0,37.0,41.0,39.0,44.0,43.0,41.0,45.0,42.0,38.0,33.0,45.0
Los_Angeles,Mean maximum (°C),28.5,29.1,29.9,32.9,32.1,32.3,34.5,35.2,37.2,35.3,31.1,27.4,39.3
Los_Angeles,Average high (°C),20.1,20.3,21.2,22.6,23.6,25.6,28.4,29.1,28.4,25.8,22.7,19.8,24.0
Los_Angeles,Daily mean (°C),14.4,14.9,15.9,17.3,18.8,20.7,22.9,23.5,22.8,20.3,16.9,14.2,18.6
Los_Angeles,Average low (°C),8.8,9.6,10.6,11.9,13.9,15.7,17.6,17.8,17.3,14.8,11.1,8.6,13.2
Los_Angeles,Mean minimum (°C),5.2,6.1,7.2,9.1,12.0,14.0,16.2,16.6,15.1,12.3,7.2,4.9,3.9
Los_Angeles,Record low (°C),-2.0,-2.0,-1.0,2.0,4.0,8.0,9.0,9.0,7.0,4.0,1.0,-1.0,-2.0
Los_Angeles,Average rainfall (mm),79.2,96.5,61.7,23.1,6.6,2.3,0.3,1.0,6.1,16.8,26.4,59.2,379.2
Los_Angeles,Average rainy days (>= 0.01 in),6.1,6.4,5.5,3.2,1.3,0.6,0.3,0.3,1.0,2.5,3.3,5.2,35.7
Los_Angeles,Mean monthly sunshine hours,225.3,222.5,267.0,303.5,276.2,275.8,364.1,349.5,278.5,255.1,217.3,219.4,3254.2
Los_Angeles,Percent possible sunshine,71.0,72.0,72.0,78.0,64.0,64.0,83.0,84.0,75.0,73.0,70.0,71.0,73.0
Manchester,Record high (°C),14.3,16.5,21.7,25.1,26.7,31.3,32.2,33.7,28.4,25.6,17.7,15.1,33.7
Manchester,Mean maximum (°C),12.4,12.6,15.6,19.1,23.1,25.5,26.9,27.0,23.1,18.9,15.4,13.2,28.7
Manchester,Average high (°C),7.3,7.6,10.0,12.6,16.1,18.6,20.6,20.3,17.6,13.9,10.0,7.4,13.5
Manchester,Daily mean (°C),4.5,4.6,6.7,8.8,11.9,14.6,16.6,16.4,14.0,10.7,7.1,4.6,10.0
Manchester,Average low (°C),1.7,1.6,3.3,4.9,7.7,10.5,12.6,12.4,10.3,7.4,4.2,1.8,6.6
Manchester,Mean minimum (°C),-4.8,-4.2,-2.4,-0.9,2.3,5.2,8.0,7.2,4.6,0.5,-2.4,-5.7,-7.4
Manchester,Record low (°C),-12.0,-13.1,-9.7,-4.9,-1.7,0.8,5.4,3.6,0.8,-4.7,-7.5,-13.5,-13.5
Manchester,Average precipitation (mm),72.3,51.4,61.2,54.0,56.8,66.1,63.9,77.0,71.5,92.5,81.5,80.7,828.8
Manchester,Average precipitation days (>= 1.0 mm),13.1,9.7,12.3,11.2,10.4,11.1,10.9,12.0,11.1,13.6,14.1,13.5,142.9
Manchester,Average snowy days,6.0,5.0,3.0,2.0,0.0,0.0,0.0,0.0,0.0,0.0,1.0,3.0,20.0
Manchester,Average relative humidity (%),87.0,86.0,85.0,85.0,85.0,87.0,88.0,89.0,89.0,89.0,88.0,87.0,88.0
Manchester,Mean monthly sunshine hours,52.5,73.9,99.0,146.9,188.3,172.5,179.7,166.3,131.2,99.3,59.5,47.1,1416.2
Melbourne,Record high (°C),45.6,46.4,41.7,34.9,28.7,22.4,23.3,26.5,31.4,36.9,40.9,43.7,46.4
Melbourne,Average high (°C),26.3,26.6,24.4,21.0,17.5,14.8,14.2,15.7,17.7,20.1,22.6,24.4,20.4
Melbourne,Daily mean (°C),21.0,21.3,19.5,16.4,13.7,11.4,10.7,11.8,13.5,15.4,17.6,19.3,16.0
Melbourne,Average low (°C),15.6,16.0,14.5,11.8,9.8,7.9,7.1,7.8,9.2,10.6,12.6,14.1,11.4
Melbourne,Record low (°C),5.5,4.5,2.8,1.5,-1.1,-2.2,-2.8,-2.1,-0.5,0.1,2.5,4.4,-2.8
Melbourne,Average rainfall (mm),45.1,39.9,40.7,50.2,46.5,46.5,44.7,50.5,52.9,58.5,63.1,64.1,602.6
Melbourne,Average rainy days (>= 0.2mm),8.7,6.6,9.3,10.5,12.2,13.5,14.4,15.3,14.0,13.3,11.3,10.0,139.1
Melbourne,Average afternoon relative humidity (%),47.0,47.0,49.0,51.0,58.0,62.0,60.0,54.0,51.0,48.0,48.0,47.0,52.0
Melbourne,Mean monthly sunshine hours,266.6,228.8,223.2,186.0,142.6,120.0,136.4,164.3,183.0,223.2,225.0,263.5,2362.6
Nagoya,Record high (°C),21.0,23.5,25.8,30.5,34.8,35.8,38.9,39.9,38.0,32.7,27.2,22.6,39.9
Nagoya,Average high (°C),9.0,10.1,13.9,19.9,24.1,27.2,30.8,32.8,28.6,22.8,17.0,11.6,20.7
Nagoya,Daily mean (°C),4.5,5.2,8.7,14.4,18.9,22.7,26.4,27.8,24.1,18.1,12.2,7.0,15.8
Nagoya,Average low (°C),0.8,1.1,4.2,9.6,14.5,19.0,23.0,24.3,20.7,14.1,8.1,3.1,11.9
Nagoya,Record low (°C),-10.3,-9.5,-6.8,-2.1,2.8,8.2,14.0,14.4,9.5,1.5,-2.7,-7.2,-10.3
Nagoya,Average rainfall (mm),48.4,65.6,121.8,124.8,156.5,201.0,203.6,126.3,234.4,128.3,79.7,45.0,1535.3
Nagoya,Average snowfall (cm),5.0,8.0,0.0,0.0,0.0,0.0,0.0,0.0,0.0,0.0,0.0,3.0,16.0
Nagoya,Average rainy days (>= 0.5 mm),6.8,7.5,10.2,10.4,11.4,12.8,13.0,8.7,11.9,9.5,7.2,6.9,116.2
Nagoya,Average snowy days,6.4,5.4,2.0,0.0,0.0,0.0,0.0,0.0,0.0,0.0,0.0,2.6,16.6
Nagoya,Average relative humidity (%),64.0,61.0,59.0,60.0,65.0,71.0,74.0,70.0,71.0,68.0,66.0,65.0,66.0
Nagoya,Mean monthly sunshine hours,170.1,170.0,189.1,196.6,197.5,149.9,164.3,200.4,151.0,169.0,162.7,172.2,2091.6
Nairobi,Record high (°C),29.8,30.5,30.9,29.0,26.8,28.1,32.7,32.5,30.0,29.0,27.9,27.6,32.7
Nairobi,Average high (°C),25.5,26.7,26.8,25.0,23.5,22.5,22.0,22.7,25.0,25.7,24.0,24.5,24.5
Nairobi,Daily mean (°C),18.0,18.8,19.4,19.2,17.8,16.3,15.6,15.9,17.3,18.5,18.4,18.1,17.8
Nairobi,Average low (°C),10.5,10.9,12.1,13.4,12.1,10.0,9.2,9.1,9.7,11.3,12.7,11.7,11.1
Nairobi,Record low (°C),3.3,2.2,6.7,7.8,7.9,4.4,1.1,2.9,3.9,5.5,6.7,6.2,1.1
Nairobi,Average precipitation (mm),58.3,49.8,92.2,242.3,189.5,38.6,17.6,24.0,31.2,60.8,149.6,107.6,1061.5
Nairobi,Average precipitation days (>= 1.0 mm),4.0,4.0,8.0,15.0,13.0,5.0,3.0,4.0,4.0,7.0,14.0,9.0,90.0
Nairobi,Average relative humidity (%),60.0,56.0,62.0,71.0,73.0,73.0,73.0,71.0,64.0,63.0,71.0,66.0,67.0
Nairobi,Mean monthly sunshine hours,288.3,266.0,266.6,204.0,189.1,159.0,130.2,127.1,180.0,226.3,198.0,257.3,2491.9
Nairobi,Mean daily sunshine hours,9.3,9.5,8.6,6.8,6.1,5.3,4.2,4.1,6.0,7.3,6.6,8.3,6.8
New_York_City,Record high (°C),22.0,26.0,30.0,36.0,37.0,38.0,41.0,40.0,39.0,34.0,29.0,24.0,41.0
New_York_City,Mean maximum (°C),15.3,15.9,21.9,28.3,31.1,33.5,35.2,34.3,31.4,26.0,21.8,16.8,36.1
New_York_City,Average high (°C),3.5,5.3,9.8,16.2,21.6,26.3,28.9,28.1,24.0,17.7,12.1,6.1,16.7
New_York_City,Average low (°C),-2.8,-1.7,1.8,7.1,12.2,17.6,20.4,19.9,16.0,10.0,5.3,0.0,8.9
New_York_City,Mean minimum (°C),-12.7,-10.7,-7.5,0.2,6.4,11.6,15.7,14.9,9.2,3.3,-2.4,-9.1,-13.9
New_York_City,Record low (°C),-21.0,-26.0,-16.0,-11.0,0.0,7.0,11.0,10.0,4.0,-2.0,-15.0,-25.0,-26.0
New_York_City,Average precipitation (mm),92.7,78.5,110.7,114.3,106.4,112.0,116.8,112.8,108.7,111.8,102.1,101.6,1268.5
New_York_City,Average snowfall (cm),17.8,23.4,9.9,1.5,0.0,0.0,0.0,0.0,0.0,0.0,0.8,12.2,65.5
New_York_City,Average precipitation days (>= 0.01 in),10.4,9.2,10.9,11.5,11.1,11.2,10.4,9.5,8.7,8.9,9.6,10.6,122.0
New_York_City,Average snowy days (>= 0.1 in),4.0,2.8,1.8,0.3,0.0,0.0,0.0,0.0,0.0,0.0,0.2,2.3,11.4
New_York_City,Average relative humidity (%),61.5,60.2,58.5,55.3,62.7,65.2,64.2,66.0,67.8,65.6,64.6,64.1,63.0
New_York_City,Mean monthly sunshine hours,162.7,163.1,212.5,225.6,256.6,257.3,268.2,268.2,219.3,211.2,151.0,139.0,2534.7
New_York_City,Percent possible sunshine,54.0,55.0,57.0,57.0,57.0,57.0,59.0,63.0,59.0,61.0,51.0,48.0,57.0
Osaka,Record high (°C),19.0,23.7,24.2,30.7,32.7,36.1,38.0,39.1,36.2,32.9,27.2,23.6,39.1
Osaka,Average high (°C),9.5,10.2,13.7,19.9,24.5,27.8,31.6,33.4,29.3,23.3,17.6,12.3,21.1
Osaka,Daily mean (°C),6.0,6.3,9.4,15.1,19.7,23.5,27.4,28.8,25.0,19.0,13.6,8.6,16.9
Osaka,Average low (°C),2.8,2.9,5.6,10.7,15.6,20.0,24.3,25.4,21.7,15.5,9.9,5.1,13.3
Osaka,Record low (°C),-7.5,-6.5,-5.2,-2.6,3.5,8.9,14.8,13.6,10.4,3.0,-2.2,-4.5,-7.5
Osaka,Average precipitation (mm),45.4,61.7,104.2,103.8,145.5,184.5,157.0,90.9,160.7,112.3,69.3,43.8,1279.0
Osaka,Average snowfall (cm),1.0,1.0,0.0,0.0,0.0,0.0,0.0,0.0,0.0,0.0,0.0,0.0,3.0
Osaka,Average precipitation days (>= 0.5 mm),6.6,7.2,11.3,10.0,11.0,12.2,11.1,7.6,10.3,8.7,7.2,6.5,109.8
Osaka,Average snowy days,5.0,6.3,2.3,0.0,0.0,0.0,0.0,0.0,0.0,0.0,0.0,1.9,15.5
Osaka,Average relative humidity (%),61.0,60.0,59.0,59.0,62.0,68.0,70.0,66.0,67.0,65.0,64.0,62.0,64.0
Osaka,Mean monthly sunshine hours,142.6,135.4,159.5,188.6,194.3,156.2,182.1,216.9,156.7,163.9,148.5,151.6,1996.4
Philadelphia,Record high (°C),23.0,26.0,31.0,35.0,36.0,39.0,40.0,41.0,39.0,36.0,29.0,23.0,41.0
Philadelphia,Mean maximum (°C),16.7,17.1,23.1,28.4,31.7,34.6,35.8,34.8,32.1,27.6,22.4,17.5,36.4
Philadelphia,Average high (°C),4.6,6.6,11.5,17.7,23.2,28.2,30.6,29.6,25.6,19.2,13.3,7.1,18.1
Philadelphia,Daily mean (°C),0.6,2.1,6.4,12.2,17.7,22.9,25.6,24.8,20.6,14.2,8.7,3.1,13.3
Philadelphia,Average low (°C),-3.6,-2.4,1.3,6.7,12.2,17.7,20.7,19.9,15.7,9.1,4.0,-1.1,8.4
Philadelphia,Mean minimum (°C),-12.9,-10.7,-7.0,-0.2,5.6,11.2,15.4,14.3,8.4,2.1,-3.3,-9.0,-14.2
Philadelphia,Record low (°C),-22.0,-24.0,-15.0,-10.0,-2.0,7.0,11.0,7.0,2.0,-4.0,-13.0,-21.0,-24.0
Philadelphia,Average precipitation (mm),77.0,67.3,96.3,90.4,94.2,87.1,110.5,88.9,96.0,80.8,75.9,90.4,1054.9
Philadelphia,Average snowfall (cm),16.5,22.4,7.4,1.3,0.0,0.0,0.0,0.0,0.0,0.0,0.8,8.6,56.9
Philadelphia,Average precipitation days (>= 0.01 in),10.6,9.4,10.5,11.3,11.1,9.8,9.9,8.4,8.7,8.6,9.3,10.6,118.2
Philadelphia,Average snowy days (>= 0.1 in),4.4,3.6,1.8,0.4,0.0,0.0,0.0,0.0,0.0,0.0,0.2,1.8,12.2
Philadelphia,Average relative humidity (%),66.2,63.6,61.7,60.4,65.4,67.8,69.6,70.4,71.6,70.8,68.4,67.7,67.0
Philadelphia,Mean monthly sunshine hours,155.7,154.7,202.8,217.0,245.1,271.2,275.6,260.1,219.3,204.5,154.7,137.7,2498.4
Philadelphia,Percent possible sunshine,52.0,52.0,55.0,55.0,55.0,61.0,61.0,61.0,59.0,59.0,52.0,47.0,56.0
Rio_de_Janeiro,Record high (°C),40.9,41.8,41.0,39.3,36.3,35.9,34.9,38.9,40.6,42.8,40.5,43.2,43.2
Rio_de_Janeiro,Average high (°C),30.2,30.2,29.4,27.8,26.4,25.2,25.0,25.5,25.4,26.0,27.4,28.6,27.3
Rio_de_Janeiro,Daily mean (°C),26.3,26.6,26.0,24.4,22.8,21.8,21.3,21.8,22.2,22.9,24.0,25.3,23.8
Rio_de_Janeiro,Average low (°C),23.3,23.5,23.3,21.9,20.4,18.7,18.4,18.9,19.2,20.2,21.4,22.4,21.0
Rio_de_Janeiro,Record low (°C),17.7,18.9,18.6,16.2,11.1,11.6,12.2,10.6,10.2,10.1,15.1,17.1,10.1
Rio_de_Janeiro,Average rainfall (mm),137.1,130.4,135.8,94.9,69.8,42.7,41.9,44.5,53.6,86.5,97.8,134.2,1069.4
Rio_de_Janeiro,Average rainy days (>= 1 mm),11.0,7.0,8.0,9.0,6.0,6.0,4.0,5.0,7.0,9.0,10.0,11.0,93.0
Rio_de_Janeiro,Average relative humidity (%),79.0,79.0,80.0,80.0,80.0,79.0,77.0,77.0,79.0,80.0,79.0,80.0,79.1
Rio_de_Janeiro,Mean monthly sunshine hours,211.9,201.3,206.4,181.0,186.3,175.1,188.6,184.8,146.2,152.1,168.5,179.6,2181.8
San_Diego,Record high (°C),31.0,32.0,37.0,37.0,37.0,38.0,38.0,37.0,44.0,42.0,38.0,31.0,44.0
San_Diego,Mean maximum (°C),25.8,26.2,26.6,28.2,26.1,27.3,28.4,29.7,31.9,30.4,28.3,24.8,34.5
San_Diego,Average high (°C),18.4,18.3,18.7,19.7,20.3,21.6,23.7,24.7,24.4,22.7,20.6,18.2,20.9
San_Diego,Average low (°C),9.4,10.4,11.8,13.3,15.2,16.7,18.6,19.3,18.4,15.9,12.0,9.1,14.2
San_Diego,Mean minimum (°C),5.5,7.0,8.4,10.4,12.8,15.1,16.9,17.4,15.8,12.4,7.7,5.2,4.6
San_Diego,Record low (°C),-4.0,1.0,2.0,4.0,7.0,10.0,12.0,12.0,10.0,6.0,2.0,0.0,-4.0
San_Diego,Average rainfall (mm),50.3,57.7,46.0,19.8,3.0,1.8,0.8,0.5,3.8,14.5,25.7,38.9,262.6
San_Diego,Average rainy days (>= 0.01 in),6.7,7.1,6.5,4.0,1.4,0.8,0.7,0.4,1.2,2.8,4.1,5.8,41.5
San_Diego,Average relative humidity (%),63.1,65.7,67.3,67.0,70.6,74.0,74.6,74.1,72.7,69.4,66.3,63.7,69.0
San_Diego,Mean monthly sunshine hours,239.3,227.4,261.0,276.2,250.5,242.4,304.7,295.0,253.3,243.4,230.1,231.3,3054.6
San_Diego,Percent possible sunshine,75.0,74.0,70.0,71.0,58.0,57.0,70.0,71.0,68.0,69.0,73.0,74.0,69.0
San_Francisco,Record high (°C),26.0,27.0,31.0,34.0,36.0,39.0,37.0,37.0,41.0,39.0,30.0,24.0,41.0
San_Francisco,Mean maximum (°C),19.6,22.5,24.3,27.9,28.2,30.0,28.4,29.7,32.0,31.2,24.5,19.1,34.6
San_Francisco,Average high (°C),13.8,15.7,16.6,17.3,17.9,19.1,19.2,20.1,21.2,20.7,17.3,13.9,17.7
San_Francisco,Daily mean (°C),10.7,12.2,12.8,13.4,14.2,15.3,15.7,16.4,17.1,16.4,13.7,10.9,14.1
San_Francisco,Average low (°C),7.6,8.6,9.2,9.6,10.6,11.6,12.3,12.8,12.8,12.1,10.1,7.8,10.4
San_Francisco,Mean minimum (°C),4.6,5.4,6.4,7.3,8.7,10.1,10.8,11.4,11.1,9.8,6.8,4.5,3.4
San_Francisco,Record low (°C),-2.0,-1.0,1.0,4.0,6.0,8.0,8.0,8.0,8.0,6.0,3.0,-3.0,-3.0
San_Francisco,Average rainfall (mm),114.3,113.3,82.8,37.1,17.8,4.1,0.0,1.5,5.3,28.4,80.3,115.8,600.7
San_Francisco,Average rainy days (>= 0.01 in),11.7,11.1,11.0,6.5,3.8,1.5,0.3,1.0,1.7,3.9,8.9,11.6,73.0
San_Francisco,Average relative humidity (%),80.0,77.0,75.0,72.0,72.0,71.0,75.0,75.0,73.0,71.0,75.0,78.0,75.0
San_Francisco,Mean monthly sunshine hours,185.9,207.7,269.1,309.3,325.1,311.4,313.3,287.4,271.4,247.1,173.4,160.6,3061.7
San_Francisco,Percent possible sunshine,61.0,69.0,73.0,78.0,74.0,70.0,70.0,68.0,73.0,71.0,57.0,54.0,69.0
Seattle,Record high (°C),19.0,21.0,26.0,32.0,34.0,37.0,39.0,37.0,37.0,32.0,23.0,19.0,39.0
Seattle,Mean maximum (°C),13.6,15.7,18.9,23.7,27.5,29.7,32.6,31.6,29.2,22.3,15.9,13.3,34.3
Seattle,Average high (°C),8.4,9.9,12.1,14.7,18.2,21.1,24.3,24.6,21.4,15.4,10.5,7.6,15.7
Seattle,Daily mean (°C),5.6,6.3,8.1,10.2,13.3,16.1,18.7,18.9,16.3,11.6,7.4,4.8,11.4
Seattle,Average low (°C),2.7,2.7,4.1,5.7,8.5,11.1,13.1,13.3,11.2,7.7,4.4,2.0,7.2
Seattle,Mean minimum (°C),-3.7,-3.4,-0.4,1.7,4.3,7.9,10.3,10.4,7.0,2.1,-1.8,-4.4,-6.9
Seattle,Record low (°C),-18.0,-17.0,-12.0,-2.0,-2.0,3.0,6.0,7.0,2.0,-2.0,-14.0,-14.0,-18.0
Seattle,Average precipitation (mm),141.5,88.9,94.5,68.8,49.3,39.9,17.8,22.4,38.1,88.4,166.9,135.9,952.2
Seattle,Average snowfall (cm),3.6,4.3,2.0,0.0,0.0,0.0,0.0,0.0,0.0,0.0,3.0,4.3,17.3
Seattle,Average precipitation days (>= 0.01 in),18.2,14.7,16.9,14.3,12.0,9.1,5.0,4.8,7.9,13.1,18.4,17.6,152.0
Seattle,Average snowy days (>= 0.1 in),1.3,0.9,0.5,0.0,0.0,0.0,0.0,0.0,0.0,0.0,0.3,1.6,4.6
Seattle,Average relative humidity (%),78.0,75.2,73.6,71.4,68.9,67.1,65.4,68.2,73.2,78.6,79.8,80.1,73.3
Seattle,Mean monthly sunshine hours,69.8,108.8,178.4,207.3,253.7,268.4,312.0,281.4,221.7,142.6,72.7,52.9,2169.7
Seattle,Percent possible sunshine,25.0,38.0,48.0,51.0,54.0,56.0,65.0,64.0,59.0,42.0,26.0,20.0,49.0
Shanghai,Record high (°C),22.1,27.0,29.6,34.3,36.4,37.5,39.2,39.9,38.2,34.0,28.7,23.4,39.9
Shanghai,Average high (°C),8.1,10.1,13.8,19.5,24.8,27.8,32.2,31.5,27.9,22.9,17.3,11.1,20.6
Shanghai,Daily mean (°C),4.8,6.6,10.0,15.3,20.7,24.4,28.6,28.3,24.9,19.7,13.7,7.6,17.1
Shanghai,Average low (°C),2.1,3.7,6.9,11.9,17.3,21.7,25.8,25.8,22.4,16.8,10.6,4.7,14.1
Shanghai,Record low (°C),-10.1,-7.9,-5.4,-0.5,6.9,12.3,16.3,18.8,10.8,1.7,-4.2,-8.5,-10.1
Shanghai,Average precipitation (mm),74.4,59.1,93.8,74.2,84.5,181.8,145.7,213.7,87.1,55.6,52.3,43.9,1166.1
Shanghai,Average precipitation days (>= 0.1 mm),9.9,9.2,12.4,11.2,10.4,12.7,11.4,12.3,9.1,6.9,7.6,7.7,120.8
Shanghai,Average relative humidity (%),74.0,73.0,73.0,72.0,72.0,79.0,77.0,78.0,75.0,72.0,72.0,71.0,74.0
Shanghai,Mean monthly sunshine hours,114.3,119.9,128.5,148.5,169.8,130.9,190.8,185.7,167.5,161.4,131.1,127.4,1775.8
Shenzhen,Record high (°C),29.1,28.9,32.0,34.0,35.8,36.9,38.7,37.1,36.9,35.2,33.1,29.8,38.7
Shenzhen,Average high (°C),19.8,20.2,22.7,26.3,29.5,31.1,32.3,32.3,31.3,29.2,25.4,21.5,26.6
Shenzhen,Daily mean (°C),15.4,16.3,19.0,22.7,26.0,28.0,28.9,28.7,27.7,25.3,21.2,17.0,23.0
Shenzhen,Average low (°C),12.5,13.8,16.5,20.3,23.6,25.6,26.3,26.1,25.0,22.5,18.2,13.8,19.6
Shenzhen,Record low (°C),0.9,0.2,3.4,8.7,14.8,19.0,20.0,21.1,16.9,9.3,4.9,1.7,0.2
Shenzhen,Average rainfall (mm),26.4,47.9,69.9,154.3,237.1,346.5,319.7,354.4,254.0,63.3,35.4,26.9,1935.8
Shenzhen,Average rainy days (>= 0.1 mm),7.1,10.1,10.8,12.7,15.6,18.5,17.0,18.3,14.8,7.6,5.6,6.0,144.1
Shenzhen,Average relative humidity (%),71.7,76.8,79.5,81.0,81.7,81.8,80.5,81.8,78.8,72.4,68.4,67.1,76.8
Shenzhen,Mean monthly sunshine hours,138.7,92.4,94.9,104.6,146.4,160.3,215.6,182.5,169.9,189.6,175.8,166.9,1837.6
Shenzhen,Percent possible sunshine,44.0,31.0,27.0,29.0,37.0,43.0,53.0,47.0,49.0,55.0,56.0,53.0,44.0
Sydney,Record high (°C),45.8,42.1,39.8,35.4,30.0,26.9,26.5,31.3,34.6,38.2,41.8,42.2,45.8
Sydney,Average high (°C),26.5,26.5,25.4,23.3,20.6,18.0,17.4,18.9,21.2,22.8,23.8,25.5,22.5
Sydney,Daily mean (°C),23.0,23.1,21.7,20.7,16.5,13.9,13.0,14.3,16.6,18.6,20.0,21.9,18.5
Sydney,Average low (°C),19.6,19.7,18.1,15.3,12.5,9.8,8.7,9.7,12.0,14.4,16.3,18.3,14.5
Sydney,Record low (°C),10.6,9.6,9.3,7.0,4.4,2.1,2.2,2.7,4.9,5.7,7.7,9.1,2.1
Sydney,Average rainfall (mm),96.0,136.6,109.4,137.0,117.6,117.8,80.8,91.8,69.2,82.2,104.8,79.4,1222.7
Sydney,Average rainy days,12.3,12.9,13.3,11.1,12.2,10.5,10.2,8.4,8.8,11.1,12.7,11.2,134.7
Sydney,Average afternoon relative humidity (%),61.0,62.0,60.0,59.0,58.0,56.0,52.0,48.0,50.0,53.0,57.0,58.0,56.0
Sydney,Mean monthly sunshine hours,235.6,202.4,213.9,207.0,195.3,177.0,204.6,244.9,237.0,244.9,228.0,244.9,2635.5
Sydney,Percent possible sunshine,53.0,54.0,56.0,61.0,59.0,60.0,65.0,72.0,66.0,61.0,55.0,55.0,60.0
Tokyo,Record high (°C),22.6,24.9,25.3,29.2,32.2,36.2,39.5,39.1,38.1,32.6,27.3,24.8,39.5
Tokyo,Average high (°C),9.6,10.4,13.6,19.0,22.9,25.5,29.2,30.8,26.9,21.5,16.3,11.9,19.8
Tokyo,Daily mean (°C),5.2,5.7,8.7,13.9,18.2,21.4,25.0,26.4,22.8,17.5,12.1,7.6,15.4
Tokyo,Average low (°C),0.9,1.7,4.4,9.4,14.0,18.0,21.8,23.0,19.7,14.2,8.3,3.5,11.6
Tokyo,Record low (°C),-9.2,-7.9,-5.6,-3.1,2.2,8.5,13.0,15.4,10.5,-0.5,-3.1,-6.8,-9.2
Tokyo,Average precipitation (mm),52.3,56.1,117.5,124.5,137.8,167.7,153.5,168.2,209.9,197.8,92.5,51.0,1528.8
Tokyo,Average snowfall (cm),5.0,5.0,1.0,0.0,0.0,0.0,0.0,0.0,0.0,0.0,0.0,0.0,11.0
Tokyo,Average precipitation days (>= 0.5 mm),5.3,6.2,11.0,11.0,11.4,12.7,11.8,9.0,12.2,10.8,7.6,4.9,114.0
Tokyo,Average snowy days,2.8,3.7,2.2,0.2,0.0,0.0,0.0,0.0,0.0,0.0,0.0,0.8,9.7
Tokyo,Average relative humidity (%),52.0,53.0,56.0,62.0,69.0,75.0,77.0,73.0,75.0,68.0,65.0,56.0,65.0
Tokyo,Mean monthly sunshine hours,184.5,165.8,163.1,176.9,167.8,125.4,146.4,169.0,120.9,131.0,147.9,178.0,1876.7
Toronto,Record high (°C),16.1,19.1,26.7,32.2,34.4,36.7,40.6,38.9,37.8,30.8,23.9,19.9,40.6
Toronto,Average high (°C),-0.7,0.4,4.7,11.5,18.4,23.8,26.6,25.5,21.0,14.0,7.5,2.1,12.9
Toronto,Daily mean (°C),-3.7,-2.6,1.4,7.9,14.1,19.4,22.3,21.5,17.2,10.7,4.9,-0.5,9.4
Toronto,Average low (°C),-6.7,-5.6,-1.9,4.1,9.9,14.9,18.0,17.4,13.4,7.4,2.3,-3.1,5.9
Toronto,Record low (°C),-32.8,-31.7,-26.7,-15.0,-3.9,-2.2,3.9,4.4,-2.2,-8.9,-20.6,-30.0,-32.8
Toronto,Average precipitation (mm),61.5,55.4,53.7,68.0,82.0,70.9,63.9,81.1,84.7,64.4,84.1,61.5,831.1
Toronto,Average rainfall (mm),29.1,29.7,33.6,61.1,82.0,70.9,63.9,81.1,84.7,64.3,75.4,38.2,714.0
Toronto,Average snowfall (cm),37.2,27.0,19.8,5.0,0.0,0.0,0.0,0.0,0.0,0.1,8.3,24.1,121.5
Toronto,Average precipitation days (>= 0.2 mm),15.4,11.6,12.6,12.6,12.7,11.0,10.4,10.2,11.1,11.7,13.0,13.2,145.5
Toronto,Average rainy days (>= 0.2 mm),5.4,4.8,7.9,11.2,12.7,11.0,10.4,10.2,11.1,11.7,10.9,7.0,114.1
Toronto,Average snowy days (>= 0.2 cm),12.0,8.7,6.5,2.2,0.0,0.0,0.0,0.0,0.0,0.08,3.1,8.4,40.9
Toronto,Mean monthly sunshine hours,85.9,111.3,161.0,180.0,227.7,259.6,279.6,245.6,194.4,154.3,88.9,78.1,2066.3
Toronto,Percent possible sunshine,29.7,37.7,43.6,44.8,50.0,56.3,59.8,56.7,51.7,45.1,30.5,28.0,44.5
"Washington,_D.C.",Record high (°C),26.0,29.0,34.0,35.0,37.0,40.0,41.0,41.0,40.0,36.0,30.0,26.0,41.0
"Washington,_D.C.",Mean maximum (°C),18.6,19.7,25.6,29.9,32.4,35.1,36.4,35.8,33.1,28.7,23.8,19.1,37.1
"Washington,_D.C.",Average high (°C),6.3,8.4,13.3,19.2,24.1,29.0,31.3,30.3,26.4,20.2,14.4,8.2,19.3
"Washington,_D.C.",Daily mean (°C),2.2,3.9,8.2,13.8,18.9,24.0,26.6,25.6,21.7,15.3,9.8,4.3,14.5
"Washington,_D.C.",Average low (°C),-1.9,-0.6,3.1,8.3,13.6,19.1,21.7,20.9,16.9,10.3,5.1,0.3,9.8
"Washington,_D.C.",Mean minimum (°C),-10.6,-8.6,-5.1,1.1,7.0,12.7,16.7,15.6,9.8,3.3,-1.8,-7.7,-12.3
"Washington,_D.C.",Record low (°C),-26.0,-26.0,-16.0,-9.0,1.0,6.0,11.0,9.0,2.0,-3.0,-12.0,-25.0,-26.0
"Washington,_D.C.",Average precipitation (mm),71.4,66.5,88.4,77.7,101.3,96.0,94.7,74.4,94.5,86.4,80.5,77.5,1009.4
"Washington,_D.C.",Average snowfall (cm),14.2,14.5,3.3,0.0,0.0,0.0,0.0,0.0,0.0,0.0,1.3,5.8,39.1
"Washington,_D.C.",Average precipitation days (>= 0.01 in),9.6,9.0,10.5,10.4,11.1,10.7,10.3,8.2,8.3,7.7,8.6,9.7,114.1
"Washington,_D.C.",Average snowy days (>= 0.1 in),3.0,2.4,0.9,0.1,0.0,0.0,0.0,0.0,0.0,0.0,0.2,1.5,8.1
"Washington,_D.C.",Average relative humidity (%),62.1,60.5,58.6,58.0,64.5,65.8,66.9,69.3,69.7,67.4,64.7,64.1,64.3
"Washington,_D.C.",Mean monthly sunshine hours,144.6,151.8,204.0,228.2,260.5,283.2,280.5,263.1,225.0,203.6,150.2,133.0,2527.7
"Washington,_D.C.",Percent possible sunshine,48.0,50.0,55.0,57.0,59.0,64.0,62.0,62.0,60.0,59.0,50.0,45.0,57.0
